Opponent.1,Cage,Week,wins,dom_rank,dom_status
957162-1,957162,1,10,2,Subordinate
957162-2,957162,1,27,1,Dominant
922587-1,922587,1,3,1,Dominant
922587-2,922587,1,0,2,Subordinate
941702-1,941702,1,0,3,Subordinate
941702-2,941702,1,2,1,Dominant
941702-3,941702,1,1,2,Subdominant
927693-1,927693,1,4,1,Dominant
927693-2,927693,1,0,2,Subordinate
990342-1,990342,1,0,0,Unclear
990342-2,990342,1,0,0,Unclear
1001363-1,1001363,1,0,0,Unclear
1001363-2,1001363,1,0,0,Unclear
1064394-1,1064394,1,86,1,Dominant
1064394-2,1064394,1,0,2,Subordinate
1062366-1,1062366,1,0,2,Subordinate
1062366-2,1062366,1,138,1,Dominant
1068572-1,1068572,1,0,3,Subordinate
1068572-2,1068572,1,1,2,Subdominant
1068572-3,1068572,1,53,1,Dominant
1074455-1,1074455,1,95,1,Dominant
1074455-2,1074455,1,0,2,Subordinate
1058108-1,1058108,1,8,2,Subdominant
1058108-2,1058108,1,40,1,Dominant
1058108-3,1058108,1,1,3,Subordinate
957162-1,957162,2,6,2,Subordinate
957162-2,957162,2,21,1,Dominant
922587-1,922587,2,0,0,Unclear
922587-2,922587,2,0,0,Unclear
941702-1,941702,2,0,2.5,Subordinate
941702-2,941702,2,1,1,Dominant
941702-3,941702,2,0,2.5,Subordinate
927693-1,927693,2,0,0,Unclear
927693-2,927693,2,0,0,Unclear
990342-1,990342,2,0,0,Unclear
990342-2,990342,2,0,0,Unclear
1001363-1,1001363,2,0,0,Unclear
1001363-2,1001363,2,0,0,Unclear
1064394-1,1064394,2,42,1,Dominant
1064394-2,1064394,2,0,2,Subordinate
1062366-1,1062366,2,0,2,Subordinate
1062366-2,1062366,2,90,1,Dominant
1068572-1,1068572,2,0,3,Subordinate
1068572-2,1068572,2,1,2,Subdominant
1068572-3,1068572,2,6,1,Dominant
1074455-1,1074455,2,138,1,Dominant
1074455-2,1074455,2,0,2,Subordinate
1058108-1,1058108,2,0,2.5,Subordinate
1058108-2,1058108,2,2,1,Dominant
1058108-3,1058108,2,0,2.5,Subordinate
957162-1,957162,3,19,1,Dominant
957162-2,957162,3,10,2,Subordinate
922587-1,922587,3,0,0,Unclear
922587-2,922587,3,0,0,Unclear
941702-1,941702,3,0,2,Subordinate
941702-2,941702,3,0,2,Subordinate
941702-3,941702,3,0,2,Subordinate
927693-1,927693,3,0,0,Unclear
927693-2,927693,3,0,0,Unclear
990342-1,990342,3,0,0,Unclear
990342-2,990342,3,0,0,Unclear
1001363-1,1001363,3,0,0,Unclear
1001363-2,1001363,3,0,0,Unclear
1064394-1,1064394,3,31,1,Dominant
1064394-2,1064394,3,0,2,Subordinate
1062366-1,1062366,3,0,2,Subordinate
1062366-2,1062366,3,15,1,Dominant
1068572-1,1068572,3,21,1,Dominant
1068572-2,1068572,3,10,3,Subordinate
1068572-3,1068572,3,12,2,Subdominant
1074455-1,1074455,3,43,1,Dominant
1074455-2,1074455,3,0,2,Subordinate
1058108-1,1058108,3,27,1,Dominant
1058108-2,1058108,3,1,2.5,Subordinate
1058108-3,1058108,3,1,2.5,Subordinate
925878-1,925878,1,0,0,Unclear
925878-2,925878,1,0,0,Unclear
925878-1,925878,2,0,0,Unclear
925878-2,925878,2,0,0,Unclear
925878-1,925878,3,0,0,Unclear
925878-2,925878,3,0,0,Unclear